{
  "meta": {
    "slug": "223_Rem_55gr_FMJ_Winchester_White_Box",
    "grid_yards": 25,
    "count": 41
  },
  "velocity": [
    987.8,
    959.0856724720411,
    930.9034599254427,
    903.269517416123,
    876.2,
    849.694683413857,
    823.717742287837,
    798.2319300178988,
    773.2,
    748.5892750507107,
    724.4054712284548,
    700.6689317919713,
    677.4,
    654.5512064267213,
    632.1065640213925,
    610.1336396053673,
    588.7,
    567.7852641039823,
    547.3355125368731,
    527.3680047013275,
    507.8999999999999,
    488.9487578355457,
    470.5315376106194,
    452.665598727876,
    435.3682005899703,
    418.6566025995572,
    402.54806415929164,
    387.0598446718284,
    372.20920353982245,
    358.01340016592843,
    344.4896939528015,
    331.6553443030963,
    319.52761061946785,
    308.1237523045709,
    297.4610287610604,
    287.55669939159117,
    278.4280235988181,
    270.09226078539604,
    262.5666703539799,
    255.8685117072244,
    250.01504424778457
  ],
  "drop": [
    -0.0381,
    -0.023460602678571432,
    -0.010866964285714287,
    -0.002364843749999997,
    0.0,
    -0.005439620535714281,
    -0.018836607142857134,
    -0.0399652901785714,
    -0.0686,
    -0.10487779017857145,
    -0.15038660714285715,
    -0.20707712053571425,
    -0.2769,
    -0.36085234375,
    -0.45611696428571413,
    -0.5589231026785714,
    -0.6655,
    -0.7720768973214287,
    -0.8748830357142858,
    -0.9701476562500001,
    -1.0541000000000003,
    -1.1229693080357148,
    -1.1729848214285719,
    -1.2003757812500009,
    -1.2013714285714296,
    -1.1722010044642868,
    -1.1090937500000013,
    -1.0082789062500015,
    -0.8659857142857175,
    -0.6784434151785743,
    -0.44188125000000333,
    -0.15252845982143182,
    0.19338571428570983,
    0.5996320312499952,
    1.0699812499999943,
    1.6082041294642782,
    2.218071428571424,
    2.9033539062499916,
    3.6678223214285595,
    4.515247433035704,
    5.449399999999985
  ],
  "tof": [
    0.0,
    0.02348641613046034,
    0.04767997716753082,
    0.07260988955727911,
    0.09830630010974914,
    0.12480039087731684,
    0.1521253910027196,
    0.1803173773361445,
    0.20941566544488888,
    0.23946323775104475,
    0.2705063691903544,
    0.30259358991896634,
    0.3357755205714503,
    0.37010606343786384,
    0.4056456079792203,
    0.44245641943809255,
    0.48060059213756,
    0.5201410805692395,
    0.5611486245143724,
    0.603698726182453,
    0.6478700237882986,
    0.6937441111364351,
    0.7414052553183454,
    0.7909399967754537,
    0.8424366153380275,
    0.8959844077652256,
    0.9516727724688687,
    1.0095900444905874,
    1.0698220787475723,
    1.1324504805556876,
    1.1975506182848152,
    1.265189007996889,
    1.3354206704458675,
    1.4082858482853056,
    1.4838065118453008,
    1.5619825432967849,
    1.6427877790744156,
    1.7261660269172703,
    1.8120272759538805,
    1.900244354608094,
    1.9906503369715947
  ],
  "d_drop_dbc": [
    0.0,
    0.0,
    0.0,
    0.0,
    0.0,
    0.0,
    0.0,
    0.0,
    0.0,
    0.0,
    0.0,
    0.0,
    0.0,
    0.0,
    0.0,
    0.0,
    0.0,
    0.0,
    0.0,
    0.0,
    0.0,
    0.0,
    0.0,
    0.0,
    0.0,
    0.0,
    0.0,
    0.0,
    0.0,
    0.0,
    0.0,
    0.0,
    0.0,
    0.0,
    0.0,
    0.0,
    0.0,
    0.0,
    0.0,
    0.0,
    0.0
  ],
  "wind_drift": [
    0.0,
    0.0,
    0.0,
    0.0,
    0.0,
    0.0,
    0.0,
    0.0,
    0.0,
    0.0,
    0.0,
    0.0,
    0.0,
    0.0,
    0.0,
    0.0,
    0.0,
    0.0,
    0.0,
    0.0,
    0.0,
    0.0,
    0.0,
    0.0,
    0.0,
    0.0,
    0.0,
    0.0,
    0.0,
    0.0,
    0.0,
    0.0,
    0.0,
    0.0,
    0.0,
    0.0,
    0.0,
    0.0,
    0.0,
    0.0,
    0.0
  ]
}