{
  "meta": {
    "slug": "22_LR_40gr_CCI_Mini-Mag_CPRN",
    "grid_yards": 25,
    "count": 41
  },
  "velocity": [
    376.4,
    352.6505226480836,
    332.8,
    317.0,
    304.2,
    294.7146853146853,
    289.4881118881119,
    289.4643356643357,
    295.58741258741264,
    308.80139860139883,
    330.0503496503499,
    360.2783216783222,
    400.4293706293714,
    451.44755244755356,
    514.2769230769245,
    589.8615384615402,
    679.145454545457,
    783.0727272727304,
    902.5874125874166,
    1038.633566433571,
    1192.1552447552504,
    1364.0965034965104,
    1555.4013986014065,
    1767.0139860139955,
    1999.8783216783327,
    2254.938461538474,
    2533.1384615384754,
    2835.4223776223935,
    3162.734265734283,
    3516.018181818201,
    3896.218181818204,
    4304.278321678346,
    4741.142657342685,
    5207.755244755276,
    5705.060139860175,
    6234.001398601437,
    6795.52307692312,
    7390.569230769274,
    8020.083916083966,
    8685.011188811242,
    9386.295104895164
  ],
  "drop": [
    0.002500000000000004,
    0.0381,
    0.0737,
    0.061,
    5.204170427930421e-18,
    -0.060999999999999985,
    -0.06403999999999999,
    0.048839999999999995,
    0.33560000000000034,
    0.8542000000000016,
    1.6626000000000005,
    2.8187600000000015,
    4.380640000000002,
    6.4062000000000054,
    8.953400000000002,
    12.080200000000001,
    15.844560000000012,
    20.304440000000014,
    25.517800000000015,
    31.542600000000014,
    38.43680000000001,
    46.258360000000025,
    55.06524000000002,
    64.91540000000003,
    75.86680000000004,
    87.97740000000003,
    101.30516000000001,
    115.90804000000003,
    131.844,
    149.171,
    167.947,
    188.22996000000003,
    210.07784000000004,
    233.54860000000005,
    258.70020000000005,
    285.5906000000001,
    314.2777600000001,
    344.81964,
    377.27420000000006,
    411.6994,
    448.1532
  ],
  "tof": [
    0.0,
    0.06279206239577315,
    0.12957223866940948,
    0.2000158823340765,
    0.27368201025355543,
    0.35010705766861894,
    0.4284754519178151,
    0.5075749309035475,
    0.5858723975566176,
    0.6616893009631909,
    0.7334409303643515,
    0.7998642951769107,
    0.8601595732942535,
    0.9140132027080001,
    0.9615237030772525,
    1.003079499005147,
    1.0392346801501071,
    1.0706091840718812,
    1.097820944282064,
    1.121446340992523,
    1.1420013805703162,
    1.1599361071885321,
    1.1756366049335518,
    1.1894307257944488,
    1.2015952524357365,
    1.2123631926355074,
    1.2219305476020215,
    1.2304623231978378,
    1.2380976583732746,
    1.2449541726073512,
    1.2511315761393293,
    1.256714674802755,
    1.2617758322222983,
    1.2663770205393319,
    1.2705714906027954,
    1.2744051660078208,
    1.2779177807712694,
    1.2811437339485576,
    1.2841133909830293,
    1.2868527076939422,
    1.2893848178161362
  ],
  "d_drop_dbc": [
    0.0,
    0.0,
    0.0,
    0.0,
    0.0,
    0.0,
    0.0,
    0.0,
    0.0,
    0.0,
    0.0,
    0.0,
    0.0,
    0.0,
    0.0,
    0.0,
    0.0,
    0.0,
    0.0,
    0.0,
    0.0,
    0.0,
    0.0,
    0.0,
    0.0,
    0.0,
    0.0,
    0.0,
    0.0,
    0.0,
    0.0,
    0.0,
    0.0,
    0.0,
    0.0,
    0.0,
    0.0,
    0.0,
    0.0,
    0.0,
    0.0
  ],
  "wind_drift": [
    0.0,
    0.0,
    0.0,
    0.0,
    0.0,
    0.0,
    0.0,
    0.0,
    0.0,
    0.0,
    0.0,
    0.0,
    0.0,
    0.0,
    0.0,
    0.0,
    0.0,
    0.0,
    0.0,
    0.0,
    0.0,
    0.0,
    0.0,
    0.0,
    0.0,
    0.0,
    0.0,
    0.0,
    0.0,
    0.0,
    0.0,
    0.0,
    0.0,
    0.0,
    0.0,
    0.0,
    0.0,
    0.0,
    0.0,
    0.0,
    0.0
  ]
}