{
  "meta": {
    "slug": "30-06_Springfield_168gr_BTHP_MatchKing",
    "grid_yards": 25,
    "count": 41
  },
  "velocity": [
    823.0,
    807.7056129404363,
    792.5233011744966,
    777.4543388213089,
    762.5,
    747.6429247656479,
    732.8860683907208,
    718.2611778204333,
    703.8,
    689.4850585541989,
    675.3038952749652,
    661.295784358249,
    647.5,
    633.9008722882575,
    620.4788557823855,
    607.2674113853205,
    594.3,
    581.5713642996108,
    569.0578793774318,
    556.765454766537,
    544.7,
    532.867424610895,
    521.2736381322958,
    509.9245500972765,
    498.8260700389108,
    487.9841074902728,
    477.40457198443625,
    467.0933730544753,
    457.0564202334638,
    447.2996230544756,
    437.8288910505848,
    428.650133754865,
    419.7692607003906,
    411.19218142023516,
    402.9248054474728,
    394.97304231517734,
    387.3428015564227,
    380.039992704283,
    373.070525291832,
    366.44030885214363,
    360.15525291829186
  ],
  "drop": [
    -0.0381,
    -0.011958350777511962,
    0.011856638755980866,
    0.031018308911483255,
    0.0432,
    0.0464563995215311,
    0.04036758373205741,
    0.024894976076555025,
    0.0,
    -0.03441099730861246,
    -0.07865197368421052,
    -0.13309196321770328,
    -0.1981,
    -0.27428741028708137,
    -0.36323468899521516,
    -0.4667646232057415,
    -0.5867,
    -0.7238002990430623,
    -0.8745717703349284,
    -1.03445735645933,
    -1.1989,
    -1.36334264354067,
    -1.5232282296650714,
    -1.673999700956938,
    -1.8111000000000004,
    -1.929972069377991,
    -2.026058851674642,
    -2.0948032894736857,
    -2.131648325358853,
    -2.1320369019138776,
    -2.091411961722491,
    -2.0052164473684244,
    -1.8688933014354103,
    -1.677885466507182,
    -1.4276358851674686,
    -1.1135875000000057,
    -0.7311832535885223,
    -0.2758660885167572,
    0.25692105263156684,
    0.8717352272727137,
    1.5731334928229543
  ],
  "tof": [
    0.0,
    0.028038084295355266,
    0.056610189351796826,
    0.0857328699488285,
    0.1154233656091419,
    0.14569990479639558,
    0.176582184897067,
    0.20808989266184993,
    0.2402421940948003,
    0.27305833065300955,
    0.30655984991023216,
    0.340768127926752,
    0.3757033287754868,
    0.4113851138084999,
    0.4478357372916787,
    0.4850772878621771,
    0.5231304418691146,
    0.5620149340797295,
    0.6017525358019112,
    0.6423657769909584,
    0.6838772191196457,
    0.726309371717937,
    0.7696845840076071,
    0.8140249210905499,
    0.8593520412344444,
    0.9056870349456991,
    0.9530502647477713,
    1.0014611755614315,
    1.0509380936614532,
    1.1014979954005661,
    1.1531563013749753,
    1.2059265388783995,
    1.2598201362732933,
    1.3148460794658012,
    1.371010610060806,
    1.428316889947439,
    1.486764830927671,
    1.546349858365408,
    1.6070643309071375,
    1.668895407768166,
    1.7318255906795663
  ],
  "d_drop_dbc": [
    0.0,
    0.0,
    0.0,
    0.0,
    0.0,
    0.0,
    0.0,
    0.0,
    0.0,
    0.0,
    0.0,
    0.0,
    0.0,
    0.0,
    0.0,
    0.0,
    0.0,
    0.0,
    0.0,
    0.0,
    0.0,
    0.0,
    0.0,
    0.0,
    0.0,
    0.0,
    0.0,
    0.0,
    0.0,
    0.0,
    0.0,
    0.0,
    0.0,
    0.0,
    0.0,
    0.0,
    0.0,
    0.0,
    0.0,
    0.0,
    0.0
  ],
  "wind_drift": [
    0.0,
    0.0,
    0.0,
    0.0,
    0.0,
    0.0,
    0.0,
    0.0,
    0.0,
    0.0,
    0.0,
    0.0,
    0.0,
    0.0,
    0.0,
    0.0,
    0.0,
    0.0,
    0.0,
    0.0,
    0.0,
    0.0,
    0.0,
    0.0,
    0.0,
    0.0,
    0.0,
    0.0,
    0.0,
    0.0,
    0.0,
    0.0,
    0.0,
    0.0,
    0.0,
    0.0,
    0.0,
    0.0,
    0.0,
    0.0,
    0.0
  ]
}