{
  "meta": {
    "slug": "30-06_Springfield_150gr_FMJ",
    "grid_yards": 25,
    "count": 41
  },
  "velocity": [
    887.0,
    865.3167209982014,
    843.8695893285374,
    822.6626629946043,
    801.7,
    780.9254647867052,
    760.3487514216218,
    740.0726623457274,
    720.2,
    700.6814037573196,
    681.4704248531698,
    662.6742335224352,
    644.4,
    626.6045967382132,
    609.2231225085594,
    592.3300870246259,
    576.0,
    560.2014696241259,
    544.8693618881118,
    530.027573208042,
    515.7,
    501.91053868007003,
    488.6830856643358,
    476.0415373688812,
    464.00979020979037,
    452.611740603147,
    441.87128496503516,
    431.8123197115387,
    422.45874125874155,
    413.8344460227276,
    405.9633304195808,
    398.86929086538504,
    392.5762237762243,
    387.10802556818237,
    382.4885926573433,
    378.74182145979097,
    375.8916083916092,
    373.961849868882,
    372.97644230769333,
    372.959282124127,
    373.934265734267
  ],
  "drop": [
    -0.0381,
    -0.015160421650717706,
    0.005973325358851671,
    0.023495409688995227,
    0.0356,
    0.04057928379186603,
    0.03711752392344498,
    0.02399700209330145,
    0.0,
    -0.035884838516746446,
    -0.0838434210526316,
    -0.14385529306220093,
    -0.2159,
    -0.3004461797248805,
    -0.39991883971291853,
    -0.5172320798444975,
    -0.6553,
    -0.8155648175837322,
    -0.993581220095694,
    -1.1834320125598086,
    -1.3792,
    -1.5749679874401916,
    -1.7648187799043058,
    -1.9428351824162677,
    -2.1031,
    -2.2396960376794253,
    -2.346706100478469,
    -2.4182129934210526,
    -2.4482995215310996,
    -2.431048489832535,
    -2.3605427033492803,
    -2.230864967105262,
    -2.0360980861244,
    -1.77032486543062,
    -1.427628110047844,
    -1.0020906249999957,
    -0.48779521531099856,
    0.12117531399522008,
    0.830738157894741,
    1.6468105113636415,
    2.5753095693779997
  ],
  "tof": [
    0.0,
    0.026093086587702936,
    0.05284468270082903,
    0.08028104088320874,
    0.10842973880354032,
    0.1373205490982396,
    0.16698687840494147,
    0.19746136494194538,
    0.2287741454779224,
    0.2609543392962158,
    0.2940367662608989,
    0.32805515634914106,
    0.3630388884390362,
    0.39901456327566726,
    0.436014702094653,
    0.4740707341774195,
    0.5132094113785076,
    0.5534540305050257,
    0.5948325848700844,
    0.6373729127169279,
    0.6811000717211185,
    0.7260356501316637,
    0.7721969953718872,
    0.8195963664510202,
    0.8682400270165845,
    0.9181272754510298,
    0.9692494335445304,
    1.0215888268069346,
    1.0751177694299876,
    1.1297975863341567,
    1.185577851216127,
    1.2423954476418433,
    1.3001742744607419,
    1.3588248507703944,
    1.418244385863785,
    1.4783171648611029,
    1.538915319432341,
    1.5999000070817166,
    1.6611229832429384,
    1.7224285532729113,
    1.7836558507365556
  ],
  "d_drop_dbc": [
    0.0,
    0.0,
    0.0,
    0.0,
    0.0,
    0.0,
    0.0,
    0.0,
    0.0,
    0.0,
    0.0,
    0.0,
    0.0,
    0.0,
    0.0,
    0.0,
    0.0,
    0.0,
    0.0,
    0.0,
    0.0,
    0.0,
    0.0,
    0.0,
    0.0,
    0.0,
    0.0,
    0.0,
    0.0,
    0.0,
    0.0,
    0.0,
    0.0,
    0.0,
    0.0,
    0.0,
    0.0,
    0.0,
    0.0,
    0.0,
    0.0
  ],
  "wind_drift": [
    0.0,
    0.0,
    0.0,
    0.0,
    0.0,
    0.0,
    0.0,
    0.0,
    0.0,
    0.0,
    0.0,
    0.0,
    0.0,
    0.0,
    0.0,
    0.0,
    0.0,
    0.0,
    0.0,
    0.0,
    0.0,
    0.0,
    0.0,
    0.0,
    0.0,
    0.0,
    0.0,
    0.0,
    0.0,
    0.0,
    0.0,
    0.0,
    0.0,
    0.0,
    0.0,
    0.0,
    0.0,
    0.0,
    0.0,
    0.0,
    0.0
  ]
}