{
  "meta": {
    "slug": "300_BLK_120gr_JHP_Supersonic_AAC_Barnes",
    "grid_yards": 25,
    "count": 41
  },
  "velocity": [
    640.1,
    619.7,
    600.2,
    580.9,
    562.1,
    543.8,
    525.8,
    508.1,
    491.3,
    474.9,
    458.7,
    443.50000000000006,
    428.5,
    414.2,
    400.80000000000007,
    388.0,
    376.1,
    365.2,
    354.8,
    345.3,
    337.1,
    330.2954802259888,
    325.1728813559324,
    322.01864406779697,
    321.11920903954854,
    322.7610169491534,
    327.2305084745775,
    334.814124293787,
    345.79830508474805,
    360.4694915254267,
    379.1141242937891,
    402.0186440678014,
    429.4694915254296,
    461.7531073446399,
    499.1559322033984,
    541.9644067796712,
    590.4649717514244,
    644.9440677966239,
    705.6881355932362,
    772.9836158192275,
    847.1169491525634
  ],
  "drop": [
    -0.0381,
    -0.0076,
    0.0102,
    0.0127,
    0.0,
    -0.0279,
    -0.0737,
    -0.1396999999999999,
    -0.2235,
    -0.3277,
    -0.4572,
    -0.6095999999999998,
    -0.7874,
    -0.9957,
    -1.2318999999999996,
    -1.4986,
    -1.8009,
    -2.1387,
    -2.5171,
    -2.9337,
    -3.3934,
    -3.853100000000001,
    -4.256135851399394,
    -4.545843405597581,
    -4.665558513993949,
    -4.558617027987897,
    -4.168354798978818,
    -3.438107678366107,
    -2.3112115175491645,
    -0.7310021679273735,
    1.3591845190998644,
    4.01601269213316,
    7.296146499773112,
    11.256250090620325,
    15.952987613275411,
    21.44302321633898,
    27.78302104841162,
    35.02964525809391,
    43.23955999398654,
    52.46942940469005,
    62.775917638805076
  ],
  "tof": [
    0.0,
    0.0362990188587043,
    0.07378344988131605,
    0.11249850701612371,
    0.15250503167381335,
    0.19385317346674927,
    0.236604161685771,
    0.2808337617215935,
    0.3265903967365786,
    0.3739167665537928,
    0.42289881035800014,
    0.47358518009881756,
    0.52602615489096,
    0.5802942094406505,
    0.6364059337905843,
    0.6943818023305041,
    0.7542342222787365,
    0.8159242656540059,
    0.8794392068677167,
    0.9447657280831848,
    1.0117882849030964,
    1.0803221102259863,
    1.1501075686443671,
    1.2207902697012156,
    1.2919234830768505,
    1.3629800126436113,
    1.4333741314269914,
    1.502492626389977,
    1.5697316126502552,
    1.6345341619944322,
    1.6964232603263396,
    1.755025499349106,
    1.810083009322437,
    1.8614536001863347,
    1.9091011091184587,
    1.9530791988612766,
    1.9935120314490935,
    2.030574660647647,
    2.064475147553034,
    2.0954395839017037,
    2.1237000407834237
  ],
  "d_drop_dbc": [
    0.0,
    0.0,
    0.0,
    0.0,
    0.0,
    0.0,
    0.0,
    0.0,
    0.0,
    0.0,
    0.0,
    0.0,
    0.0,
    0.0,
    0.0,
    0.0,
    0.0,
    0.0,
    0.0,
    0.0,
    0.0,
    0.0,
    0.0,
    0.0,
    0.0,
    0.0,
    0.0,
    0.0,
    0.0,
    0.0,
    0.0,
    0.0,
    0.0,
    0.0,
    0.0,
    0.0,
    0.0,
    0.0,
    0.0,
    0.0,
    0.0
  ],
  "wind_drift": [
    0.0,
    0.0,
    0.0,
    0.0,
    0.0,
    0.0,
    0.0,
    0.0,
    0.0,
    0.0,
    0.0,
    0.0,
    0.0,
    0.0,
    0.0,
    0.0,
    0.0,
    0.0,
    0.0,
    0.0,
    0.0,
    0.0,
    0.0,
    0.0,
    0.0,
    0.0,
    0.0,
    0.0,
    0.0,
    0.0,
    0.0,
    0.0,
    0.0,
    0.0,
    0.0,
    0.0,
    0.0,
    0.0,
    0.0,
    0.0,
    0.0
  ]
}