{
  "meta": {
    "slug": "300_BLK_208gr_Subsonic_Hornady_Black_A-MAX",
    "grid_yards": 25,
    "count": 41
  },
  "velocity": [
    310.9,
    308.2,
    305.7,
    303.3,
    300.8,
    298.4,
    296.3,
    294.09999999999997,
    292.3,
    290.2,
    288.0,
    286.19999999999993,
    284.4,
    282.5,
    280.7,
    278.9,
    277.1,
    275.5,
    273.7,
    272.2,
    270.7,
    269.2,
    267.7,
    266.20000000000005,
    264.70000000000005,
    263.20000000000005,
    261.7000000000001,
    260.2000000000001,
    258.70000000000016,
    257.20000000000016,
    255.70000000000022,
    254.20000000000027,
    252.7000000000003,
    251.20000000000036,
    249.7000000000004,
    248.20000000000044,
    246.7000000000005,
    245.2000000000006,
    243.70000000000064,
    242.20000000000073,
    240.7000000000008
  ],
  "drop": [
    -0.0381,
    0.023514843750000018,
    0.06429375000000004,
    0.06340078125000004,
    0.0,
    -0.13979921875000004,
    -0.3421062500000001,
    -0.58608515625,
    -0.8509000000000001,
    -1.1157148437500002,
    -1.35969375,
    -1.5620007812499996,
    -1.7017999999999995,
    -1.758255468749999,
    -1.710531249999998,
    -1.5377914062499976,
    -1.2191999999999972,
    -0.7339210937499958,
    -0.06111874999999323,
    0.8200429687500055,
    1.9304000000000077,
    3.290788281250009,
    4.922043750000007,
    6.845002343750011,
    9.080500000000015,
    11.64937265625002,
    14.572456250000023,
    17.87058671875002,
    21.564600000000002,
    25.675332031250036,
    30.22361875000002,
    35.230296093750056,
    40.716200000000036,
    46.70216640625007,
    53.20903125000005,
    60.2576304687501,
    67.86880000000008,
    76.06337578125004,
    84.86219375000007,
    94.28608984375009,
    104.35590000000013
  ],
  "tof": [
    0.0,
    0.07385365711285105,
    0.14833171340333828,
    0.22340599024356966,
    0.2990892622756363,
    0.37539584298983286,
    0.4522772194690719,
    0.5297203030702256,
    0.6076887196178468,
    0.6861736072316236,
    0.7652508319587762,
    0.844879072476273,
    0.9250043809146704,
    1.0056538308805767,
    1.0868342520354408,
    1.1685357488244767,
    1.250768867427761,
    1.3335052477422904,
    1.4167553750229864,
    1.5005106715784537,
    1.5847252902430644,
    1.6694078565962256,
    1.7545636013107881,
    1.8401978397014367,
    1.9263159815667634,
    2.0129235276043524,
    2.10002606993338,
    2.18762929853958,
    2.2757390080978457,
    2.3643610819831955,
    2.453501520678031,
    2.543166418356697,
    2.6333619892706666,
    2.7240945449193785,
    2.8153705202533517,
    2.9071964644182304,
    2.999579049391165,
    3.0925250566934666,
    3.1860414069730036,
    3.2801351403856147,
    3.3748134925664663
  ],
  "d_drop_dbc": [
    0.0,
    0.0,
    0.0,
    0.0,
    0.0,
    0.0,
    0.0,
    0.0,
    0.0,
    0.0,
    0.0,
    0.0,
    0.0,
    0.0,
    0.0,
    0.0,
    0.0,
    0.0,
    0.0,
    0.0,
    0.0,
    0.0,
    0.0,
    0.0,
    0.0,
    0.0,
    0.0,
    0.0,
    0.0,
    0.0,
    0.0,
    0.0,
    0.0,
    0.0,
    0.0,
    0.0,
    0.0,
    0.0,
    0.0,
    0.0,
    0.0
  ],
  "wind_drift": [
    0.0,
    0.0,
    0.0,
    0.0,
    0.0,
    0.0,
    0.0,
    0.0,
    0.0,
    0.0,
    0.0,
    0.0,
    0.0,
    0.0,
    0.0,
    0.0,
    0.0,
    0.0,
    0.0,
    0.0,
    0.0,
    0.0,
    0.0,
    0.0,
    0.0,
    0.0,
    0.0,
    0.0,
    0.0,
    0.0,
    0.0,
    0.0,
    0.0,
    0.0,
    0.0,
    0.0,
    0.0,
    0.0,
    0.0,
    0.0,
    0.0
  ]
}