{
  "meta": {
    "slug": "308_Win_168gr_BTHP_MatchKing_Federal",
    "grid_yards": 25,
    "count": 41
  },
  "velocity": [
    807.7,
    793.0272159465699,
    778.4850758575197,
    764.0753978397097,
    749.8,
    735.6377570316138,
    721.5916704660096,
    707.6997486674006,
    694.0,
    680.5079780893499,
    667.1956008853251,
    654.0354232386379,
    641.0,
    628.0653227792918,
    615.2480551624874,
    602.5817599644394,
    590.1,
    577.8020473322402,
    565.667097628658,
    553.6985991107467,
    541.9,
    530.2747485179111,
    518.8262928859738,
    507.55808132568103,
    496.4735620585266,
    485.5761833060039,
    474.86939328960636,
    464.3566402308272,
    454.0413723511603,
    443.92703787209865,
    434.01708501513605,
    424.3149620017656,
    414.8241170534811,
    405.54799839177576,
    396.49005423814305,
    387.6537328140765,
    379.04248234106944,
    370.6597510406154,
    362.50898713420776,
    354.59363884334005,
    346.91715438950564
  ],
  "drop": [
    -0.10410000000000005,
    -0.07072450980392159,
    -0.0254,
    0.019924509803921565,
    0.0533,
    0.06545977328431372,
    0.05786642156862745,
    0.03466485906862746,
    0.0,
    -0.04285364583333336,
    -0.0941031862745098,
    -0.15482613357843134,
    -0.2261,
    -0.3091498774509805,
    -0.40579117647058816,
    -0.5179868872549019,
    -0.6477,
    -0.7957546568627452,
    -0.9584196078431375,
    -1.1308247549019608,
    -1.3080999999999998,
    -1.485375245098039,
    -1.6577803921568626,
    -1.8204453431372545,
    -1.9684999999999997,
    -2.097074264705882,
    -2.201298039215686,
    -2.2763012254901955,
    -2.317213725490195,
    -2.31916544117647,
    -2.2772862745098026,
    -2.186706127450979,
    -2.0425549019607825,
    -1.8399624999999982,
    -1.574058823529409,
    -1.2399737745098003,
    -0.832837254901956,
    -0.34777916666666453,
    0.22007058823529668,
    0.8755821078431403,
    1.6236254901960834
  ],
  "tof": [
    0.0,
    0.02856320410178364,
    0.05765743595701786,
    0.08729775774821188,
    0.11749973856455824,
    0.14827981289061987,
    0.17965587569863334,
    0.2116454074908662,
    0.2442648069067837,
    0.27752946687560404,
    0.3114556407901421,
    0.3460614938307663,
    0.3813672309275592,
    0.417395470008405,
    0.45417014243159093,
    0.4917145507193229,
    0.5300508075519765,
    0.5692002705968675,
    0.609186324432017,
    0.650033464796492,
    0.6917667791090418,
    0.73441191387724,
    0.7779950610866955,
    0.8225428594578388,
    0.8680825341370129,
    0.9146416249628619,
    0.9622480914818199,
    1.0109301940628,
    1.0607164247572178,
    1.1116354190652393,
    1.1637158824521479,
    1.2169864168589002,
    1.2714754589562267,
    1.3272110923055613,
    1.3842208942286915,
    1.4425317684768668,
    1.5021697001103902,
    1.5631595763749857,
    1.625524909639675,
    1.6892875775384548,
    1.7544675286002451
  ],
  "d_drop_dbc": [
    0.0,
    0.0,
    0.0,
    0.0,
    0.0,
    0.0,
    0.0,
    0.0,
    0.0,
    0.0,
    0.0,
    0.0,
    0.0,
    0.0,
    0.0,
    0.0,
    0.0,
    0.0,
    0.0,
    0.0,
    0.0,
    0.0,
    0.0,
    0.0,
    0.0,
    0.0,
    0.0,
    0.0,
    0.0,
    0.0,
    0.0,
    0.0,
    0.0,
    0.0,
    0.0,
    0.0,
    0.0,
    0.0,
    0.0,
    0.0,
    0.0
  ],
  "wind_drift": [
    0.0,
    0.0,
    0.0,
    0.0,
    0.0,
    0.0,
    0.0,
    0.0,
    0.0,
    0.0,
    0.0,
    0.0,
    0.0,
    0.0,
    0.0,
    0.0,
    0.0,
    0.0,
    0.0,
    0.0,
    0.0,
    0.0,
    0.0,
    0.0,
    0.0,
    0.0,
    0.0,
    0.0,
    0.0,
    0.0,
    0.0,
    0.0,
    0.0,
    0.0,
    0.0,
    0.0,
    0.0,
    0.0,
    0.0,
    0.0,
    0.0
  ]
}