{
  "meta": {
    "slug": "308_Win_175gr_Federal_Gold_Medal_SMK_BTHP",
    "grid_yards": 25,
    "count": 41
  },
  "velocity": [
    792.5,
    779.0547117718447,
    765.7708980582524,
    752.651635315534,
    739.7,
    726.9385256693146,
    714.3528645680102,
    701.8907711827009,
    689.5,
    677.1502029731275,
    664.8730665141986,
    652.7093967981705,
    640.7,
    628.8485263964543,
    617.1313953381338,
    605.5485666107464,
    594.1,
    582.7815287115807,
    571.5905255214052,
    560.5292595705268,
    549.5999999999999,
    538.8050159508782,
    528.1465765642153,
    517.6269509810649,
    507.24840834248084,
    497.01321778951706,
    486.92364846322727,
    476.9819695046653,
    467.19045005488493,
    457.5513592549398,
    448.0669662458838,
    438.7395401687709,
    429.57135016465446,
    420.5646653745886,
    411.7217549396272,
    403.0448880008237,
    394.5363336992321,
    386.1983611759062,
    378.0332395718997,
    370.0432380282664,
    362.2306256860602
  ],
  "drop": [
    -0.005100000000000025,
    0.007420465686274502,
    0.0254,
    0.04337953431372549,
    0.0559,
    0.05840530024509804,
    0.04995122549019607,
    0.030496537990196096,
    0.0,
    -0.04154635416666669,
    -0.0940174019607843,
    -0.15725474877450973,
    -0.2311,
    -0.31579957107843143,
    -0.41321911764705876,
    -0.5256291053921568,
    -0.6553,
    -0.8033100490196079,
    -0.9659686274509806,
    -1.1383928921568627,
    -1.3157,
    -1.4930071078431377,
    -1.6654313725490195,
    -1.828089950980392,
    -1.9761,
    -2.104578676470588,
    -2.208643137254902,
    -2.2834105392156854,
    -2.3239980392156845,
    -2.3255227941176457,
    -2.283101960784311,
    -2.191852696078428,
    -2.0468921568627416,
    -1.8433374999999952,
    -1.5763058823529343,
    -1.240914460784305,
    -0.8322803921568527,
    -0.34552083333332284,
    0.22424705882354168,
    0.8819061274509945,
    1.6323392156862937
  ],
  "tof": [
    0.0,
    0.029093413509254335,
    0.05869023709929836,
    0.08880173128668449,
    0.11943929060657772,
    0.15061411759110582,
    0.1823370257039036,
    0.21462081006590467,
    0.24748106569069223,
    0.2809362509579695,
    0.3150055582342588,
    0.3497070364324888,
    0.38505729659002946,
    0.4210717793736448,
    0.4577675303867646,
    0.4951626023578483,
    0.5332756321494412,
    0.5721259545100446,
    0.6117338794631597,
    0.6521203622650541,
    0.6933069087010467,
    0.7353155791358901,
    0.77816896921549,
    0.8218902651996464,
    0.866503125386663,
    0.9120317769861959,
    0.9585009574719131,
    1.0059358914627055,
    1.0543622799026717,
    1.1038062660494101,
    1.1542944045287549,
    1.2058536166052547,
    1.2585111471109771,
    1.3122945035276918,
    1.3672313966726397,
    1.4233496649153747,
    1.4806771843956927,
    1.539241783527717,
    1.5990711271539555,
    1.6601925976120528,
    1.7226331603313008
  ],
  "d_drop_dbc": [
    0.0,
    0.0,
    0.0,
    0.0,
    0.0,
    0.0,
    0.0,
    0.0,
    0.0,
    0.0,
    0.0,
    0.0,
    0.0,
    0.0,
    0.0,
    0.0,
    0.0,
    0.0,
    0.0,
    0.0,
    0.0,
    0.0,
    0.0,
    0.0,
    0.0,
    0.0,
    0.0,
    0.0,
    0.0,
    0.0,
    0.0,
    0.0,
    0.0,
    0.0,
    0.0,
    0.0,
    0.0,
    0.0,
    0.0,
    0.0,
    0.0
  ],
  "wind_drift": [
    0.0,
    0.0,
    0.0,
    0.0,
    0.0,
    0.0,
    0.0,
    0.0,
    0.0,
    0.0,
    0.0,
    0.0,
    0.0,
    0.0,
    0.0,
    0.0,
    0.0,
    0.0,
    0.0,
    0.0,
    0.0,
    0.0,
    0.0,
    0.0,
    0.0,
    0.0,
    0.0,
    0.0,
    0.0,
    0.0,
    0.0,
    0.0,
    0.0,
    0.0,
    0.0,
    0.0,
    0.0,
    0.0,
    0.0,
    0.0,
    0.0
  ]
}