{
  "meta": {
    "slug": "45_ACP_230gr_FMJ_American_Eagle",
    "grid_yards": 25,
    "count": 41
  },
  "velocity": [
    271.3,
    265.8,
    260.9,
    256.0,
    251.80000000000004,
    248.35384615384618,
    245.82307692307688,
    244.36923076923065,
    244.15384615384593,
    245.3384615384611,
    248.0846153846147,
    252.55384615384511,
    258.9076923076908,
    267.30769230769033,
    277.91538461538187,
    290.89230769230414,
    306.39999999999554,
    324.59999999999445,
    345.6538461538393,
    369.72307692306856,
    396.9692307692208,
    427.5538461538344,
    461.63846153844764,
    499.3846153845992,
    540.9538461538275,
    586.5076923076708,
    636.2076923076678,
    690.2153846153567,
    748.6923076922761,
    811.7999999999645,
    879.6999999999604,
    952.5538461538022,
    1030.523076923028,
    1113.7692307691768,
    1202.4538461537866,
    1296.7384615383962,
    1396.784615384544,
    1502.7538461537672,
    1614.8076923076067,
    1733.1076923075993,
    1857.8153846152836
  ],
  "drop": [
    -0.0229,
    0.0,
    -0.0508,
    -0.1753,
    -0.38100000000000006,
    -0.5867000000000002,
    -0.6855892857142867,
    -0.5708571428571458,
    -0.1356928571428626,
    0.726714285714277,
    2.123174999999983,
    4.160499999999974,
    6.9454999999999645,
    10.584985714285668,
    15.185767857142785,
    20.85465714285705,
    27.698464285714174,
    35.82399999999986,
    45.33807499999983,
    56.347499999999776,
    68.95908571428545,
    83.27964285714256,
    99.41598214285676,
    117.47491428571385,
    137.56324999999953,
    159.7877999999994,
    184.2553749999993,
    211.07278571428495,
    240.34684285714187,
    272.1843571428561,
    306.69213928571304,
    343.9769999999987,
    384.1457499999986,
    427.3051999999985,
    473.56216071428395,
    523.0234428571409,
    575.7958571428552,
    631.9862142857118,
    691.7013249999975,
    755.0479999999972,
    822.133049999997
  ],
  "tof": [
    0.0,
    0.08514310126313732,
    0.17195797578304417,
    0.2604217956814908,
    0.35047919433380537,
    0.44191794914278715,
    0.534467328195888,
    0.6277738504630167,
    0.7214042100657017,
    0.8148544102593066,
    0.907565621254211,
    0.9989463139132115,
    1.0883990953105247,
    1.1753496344366159,
    1.2592745192502943,
    1.3397248922754308,
    1.41634338004579,
    1.488873039470007,
    1.5571582939574273,
    1.6211389577354027,
    1.6808391619443575,
    1.7363532355399043,
    1.787830453217722,
    1.8354601661091718,
    1.8794583424917448,
    1.920056102824894,
    1.9574904898854268,
    1.9919972318443773,
    2.023805615502671,
    2.053134814480985,
    2.0801916073271056,
    2.10516908823204,
    2.128246142968172,
    2.1495874752862845,
    2.1693440100153296,
    2.1876535456296375,
    2.204641553326979,
    2.2204220507135446,
    2.2350985213325356,
    2.2487647740358634,
    2.2615058372131336
  ],
  "d_drop_dbc": [
    0.0,
    0.0,
    0.0,
    0.0,
    0.0,
    0.0,
    0.0,
    0.0,
    0.0,
    0.0,
    0.0,
    0.0,
    0.0,
    0.0,
    0.0,
    0.0,
    0.0,
    0.0,
    0.0,
    0.0,
    0.0,
    0.0,
    0.0,
    0.0,
    0.0,
    0.0,
    0.0,
    0.0,
    0.0,
    0.0,
    0.0,
    0.0,
    0.0,
    0.0,
    0.0,
    0.0,
    0.0,
    0.0,
    0.0,
    0.0,
    0.0
  ],
  "wind_drift": [
    0.0,
    0.0,
    0.0,
    0.0,
    0.0,
    0.0,
    0.0,
    0.0,
    0.0,
    0.0,
    0.0,
    0.0,
    0.0,
    0.0,
    0.0,
    0.0,
    0.0,
    0.0,
    0.0,
    0.0,
    0.0,
    0.0,
    0.0,
    0.0,
    0.0,
    0.0,
    0.0,
    0.0,
    0.0,
    0.0,
    0.0,
    0.0,
    0.0,
    0.0,
    0.0,
    0.0,
    0.0,
    0.0,
    0.0,
    0.0,
    0.0
  ]
}