{
  "meta": {
    "slug": "556_NATO_77gr_OTM_(Mk262_Mod1)",
    "grid_yards": 25,
    "count": 41
  },
  "velocity": [
    838.2,
    819.5128563114899,
    801.0801168306396,
    782.9073189344695,
    765.0,
    747.3682470377528,
    729.9963924286197,
    712.8513416051769,
    695.9,
    679.1086490610328,
    662.4969160146061,
    646.1117249608764,
    630.0,
    614.1481451286169,
    598.5294042240427,
    583.1709612074469,
    568.1,
    553.3077543148536,
    538.772170502092,
    524.5005014382846,
    510.5,
    496.7779190638075,
    483.34151150627616,
    470.19803020397484,
    457.3547280334726,
    444.81885787133865,
    432.59767259414195,
    420.6984250784514,
    409.1283682008363,
    397.89475483786543,
    387.0048378661079,
    376.4658701621327,
    366.285104602509,
    356.46979406380575,
    347.02719142259207,
    337.96454955543686,
    329.28912133890924,
    321.0081596495782,
    313.1289173640129,
    305.65864735878216,
    298.6046025104552
  ],
  "drop": [
    -0.0381,
    -0.009318779904306218,
    0.01683995215311005,
    0.0377537081339713,
    0.0508,
    0.05379601525119617,
    0.04631764354066985,
    0.028380450059808632,
    0.0,
    -0.0388605936004785,
    -0.08844802631578946,
    -0.1490614458732057,
    -0.221,
    -0.3049098908492823,
    -0.4028255382775118,
    -0.5171284165669856,
    -0.6502,
    -0.8031435930023925,
    -0.9719498205741629,
    -1.1513311378588515,
    -1.336,
    -1.5206688621411486,
    -1.7000501794258374,
    -1.8688564069976077,
    -2.0218000000000003,
    -2.153593413576556,
    -2.2589491028708144,
    -2.3325795230263173,
    -2.3691971291866047,
    -2.3635143764952176,
    -2.3102437200956967,
    -2.204097615131583,
    -2.039788516746417,
    -1.812028880083738,
    -1.5155311602870887,
    -1.1450078125000092,
    -0.6951712918660382,
    -0.1607340535287225,
    0.46359144736840285,
    1.1830927556817965,
    2.0030574162679216
  ],
  "tof": [
    0.0,
    0.02758203476704131,
    0.05579589344490731,
    0.08466182322874458,
    0.11420064635648859,
    0.14443366948679112,
    0.1753829428206486,
    0.20707254031585162,
    0.2395290593033819,
    0.27278203903091996,
    0.3068632142363793,
    0.3418040238976086,
    0.37763490110057907,
    0.4143860088071895,
    0.45209106666581933,
    0.49078474972349656,
    0.5305013825131927,
    0.5712754641626465,
    0.6131446649844399,
    0.6561483738566366,
    0.7003269136868968,
    0.7457214986549882,
    0.7923740926197682,
    0.8403272859939237,
    0.8896241235158798,
    0.9403079082043895,
    0.9924219520161063,
    1.0460092938372083,
    1.1011123840922135,
    1.157772666645963,
    1.2160301969571063,
    1.275923055918296,
    1.3374868638634936,
    1.40075409686751,
    1.4657534126205187,
    1.5325088699969724,
    1.6010390867295177,
    1.6713563707490635,
    1.7434657430774896,
    1.8173639691214167,
    1.8930385555423026
  ],
  "d_drop_dbc": [
    0.0,
    0.0,
    0.0,
    0.0,
    0.0,
    0.0,
    0.0,
    0.0,
    0.0,
    0.0,
    0.0,
    0.0,
    0.0,
    0.0,
    0.0,
    0.0,
    0.0,
    0.0,
    0.0,
    0.0,
    0.0,
    0.0,
    0.0,
    0.0,
    0.0,
    0.0,
    0.0,
    0.0,
    0.0,
    0.0,
    0.0,
    0.0,
    0.0,
    0.0,
    0.0,
    0.0,
    0.0,
    0.0,
    0.0,
    0.0,
    0.0
  ],
  "wind_drift": [
    0.0,
    0.0,
    0.0,
    0.0,
    0.0,
    0.0,
    0.0,
    0.0,
    0.0,
    0.0,
    0.0,
    0.0,
    0.0,
    0.0,
    0.0,
    0.0,
    0.0,
    0.0,
    0.0,
    0.0,
    0.0,
    0.0,
    0.0,
    0.0,
    0.0,
    0.0,
    0.0,
    0.0,
    0.0,
    0.0,
    0.0,
    0.0,
    0.0,
    0.0,
    0.0,
    0.0,
    0.0,
    0.0,
    0.0,
    0.0,
    0.0
  ]
}