{
  "meta": {
    "slug": "65_Grendel_123gr_Lapua_Scenar_HPBT",
    "grid_yards": 25,
    "count": 41
  },
  "velocity": [
    755.9,
    743.4,
    730.9,
    718.7,
    706.8,
    694.6,
    682.8,
    671.2,
    659.6,
    648.0,
    636.7,
    625.4000000000001,
    614.2,
    603.2,
    592.2,
    581.6,
    570.9,
    560.2,
    549.9,
    539.5,
    529.4,
    519.6043902439023,
    510.1263414634146,
    500.97902439024375,
    492.1756097560973,
    483.72926829268255,
    475.65317073170684,
    467.9604878048775,
    460.66439024390183,
    453.778048780487,
    447.3146341463405,
    441.2873170731696,
    435.70926829268166,
    430.5936585365839,
    425.95365853658376,
    421.8024390243885,
    418.1531707317054,
    415.0190243902418,
    412.41317073170507,
    410.34878048780246,
    408.8390243902413
  ],
  "drop": [
    -0.0381,
    -0.0152,
    0.0,
    0.0051,
    0.0,
    -0.0152,
    -0.0406,
    -0.07869999999999995,
    -0.127,
    -0.1854,
    -0.2591,
    -0.34289999999999987,
    -0.442,
    -0.5537,
    -0.6781999999999997,
    -0.8179,
    -0.9754,
    -1.1455,
    -1.3335,
    -1.5367,
    -1.7601999999999998,
    -1.9836999999999998,
    -2.179315259069584,
    -2.3191610362783392,
    -2.3753525906958504,
    -2.3200051813917026,
    -2.1252340674354806,
    -1.763154507896771,
    -1.205881761845161,
    -0.42553108835023234,
    0.6057822535184298,
    1.915943004691238,
    3.53283590609861,
    5.484345698670953,
    7.79835712333869,
    10.502754921032233,
    13.625423832681992,
    17.194248599218376,
    21.23711396157182,
    25.781904660672733,
    30.856505437451517
  ],
  "tof": [
    0.0,
    0.030494937214690064,
    0.06150754182417325,
    0.09304910989644916,
    0.12512280807167184,
    0.15774835529488146,
    0.190943333072272,
    0.22471118742953625,
    0.25906733270906024,
    0.2940337502867725,
    0.3296234244917957,
    0.3658499744815916,
    0.40273458948294333,
    0.44029156555884436,
    0.47854034748417207,
    0.5174926296174501,
    0.5571637640972603,
    0.597587018054125,
    0.6387745781030206,
    0.6807445696287083,
    0.7235207723297429,
    0.7671083766866963,
    0.8115119193067659,
    0.8567335045882862,
    0.9027725460699458,
    0.9496254528006036,
    0.9972853541075093,
    1.045741801476454,
    1.0949804660432951,
    1.144982884859822,
    1.1957261858018817,
    1.2471828562963947,
    1.2993205482620593,
    1.3521019207137615,
    1.4054845385877397,
    1.4594208277273493,
    1.5138581113445397,
    1.5687387086046038,
    1.6240001289052444,
    1.6795753440674026,
    1.7353931572302335
  ],
  "d_drop_dbc": [
    0.0,
    0.0,
    0.0,
    0.0,
    0.0,
    0.0,
    0.0,
    0.0,
    0.0,
    0.0,
    0.0,
    0.0,
    0.0,
    0.0,
    0.0,
    0.0,
    0.0,
    0.0,
    0.0,
    0.0,
    0.0,
    0.0,
    0.0,
    0.0,
    0.0,
    0.0,
    0.0,
    0.0,
    0.0,
    0.0,
    0.0,
    0.0,
    0.0,
    0.0,
    0.0,
    0.0,
    0.0,
    0.0,
    0.0,
    0.0,
    0.0
  ],
  "wind_drift": [
    0.0,
    0.0,
    0.0,
    0.0,
    0.0,
    0.0,
    0.0,
    0.0,
    0.0,
    0.0,
    0.0,
    0.0,
    0.0,
    0.0,
    0.0,
    0.0,
    0.0,
    0.0,
    0.0,
    0.0,
    0.0,
    0.0,
    0.0,
    0.0,
    0.0,
    0.0,
    0.0,
    0.0,
    0.0,
    0.0,
    0.0,
    0.0,
    0.0,
    0.0,
    0.0,
    0.0,
    0.0,
    0.0,
    0.0,
    0.0,
    0.0
  ]
}