{
  "meta": {
    "slug": "6mm_Creedmoor_109gr_Berger_LRHT",
    "grid_yards": 25,
    "count": 41
  },
  "velocity": [
    899.2,
    886.6621563136456,
    874.199083503055,
    861.8114689409368,
    849.5,
    837.2462351205772,
    825.0547939943162,
    812.960955870897,
    801.0,
    789.158195298735,
    777.4212757913691,
    765.8237183883186,
    754.4,
    743.1033851826145,
    731.8666085962171,
    720.6933523070055,
    709.5872983811764,
    698.5521288849275,
    687.5915258844559,
    676.709171445959,
    665.9087476356342,
    655.1939365196785,
    644.5684201642894,
    634.0358806356641,
    623.6,
    613.2740660817491,
    603.0637837452449,
    592.9614606165071,
    582.9594043215554,
    573.0499224864092,
    563.2253227370882,
    553.4779126996119,
    543.8,
    534.191649537318,
    524.6587120752426,
    515.2021740367112,
    505.82302184466016,
    496.5222419220267,
    487.3008206917476,
    478.1597445767597,
    469.1
  ],
  "drop": [
    0.07559999999999997,
    0.057670581479690515,
    0.04700923597678917,
    0.04119327248549323,
    0.0378,
    0.03440672751450677,
    0.028590764023210834,
    0.017929418520309486,
    0.0,
    -0.027194366537717618,
    -0.0639472920696325,
    -0.1101265715667311,
    -0.1656,
    -0.23029295212765963,
    -0.3043611218568664,
    -0.38801778288201155,
    -0.4814762088974855,
    -0.584949673597679,
    -0.6986514506769828,
    -0.8227948138297871,
    -0.9575930367504836,
    -1.1032593931334622,
    -1.2600071566731137,
    -1.4280496010638295,
    -1.6076,
    -1.7990765443665377,
    -2.0037170938104447,
    -2.2229644251692466,
    -2.4582613152804633,
    -2.711050540981624,
    -2.982774879110251,
    -3.274877106503869,
    -3.5888,
    -3.9252612185686657,
    -4.282077949709865,
    -4.656342263056094,
    -5.045146228239846,
    -5.445581914893616,
    -5.854741392649903,
    -6.269716731141198,
    -6.6876
  ],
  "tof": [
    0.0,
    0.025601678498786848,
    0.0515668638941885,
    0.07790374801392717,
    0.10462076021093752,
    0.13172679776877522,
    0.15923155467991573,
    0.18714420808489068,
    0.21547299053873212,
    0.24422564233567456,
    0.2734111713530879,
    0.3030381164023033,
    0.3331138330716863,
    0.3636454250908487,
    0.39464348190321075,
    0.4261198030950146,
    0.45808645710330403,
    0.4905557769813899,
    0.5235403614248263,
    0.5570530747093759,
    0.5911070384753596,
    0.6257156320257218,
    0.660892489179872,
    0.6966514791362344,
    0.7330067127206203,
    0.7699723174262179,
    0.8075620149474204,
    0.8457900994021972,
    0.8846717352238671,
    0.9242230636884426,
    0.9644612747932935,
    1.0054047057071873,
    1.0470729472932838,
    1.089486764804157,
    1.1326673524370996,
    1.1766365266880792,
    1.2214168777985959,
    1.2670318110183978,
    1.3135055714947121,
    1.36086328435736,
    1.409130988282567
  ],
  "d_drop_dbc": [
    0.0,
    0.0,
    0.0,
    0.0,
    0.0,
    0.0,
    0.0,
    0.0,
    0.0,
    0.0,
    0.0,
    0.0,
    0.0,
    0.0,
    0.0,
    0.0,
    0.0,
    0.0,
    0.0,
    0.0,
    0.0,
    0.0,
    0.0,
    0.0,
    0.0,
    0.0,
    0.0,
    0.0,
    0.0,
    0.0,
    0.0,
    0.0,
    0.0,
    0.0,
    0.0,
    0.0,
    0.0,
    0.0,
    0.0,
    0.0,
    0.0
  ],
  "wind_drift": [
    0.0,
    0.0,
    0.0,
    0.0,
    0.0,
    0.0,
    0.0,
    0.0,
    0.0,
    0.0,
    0.0,
    0.0,
    0.0,
    0.0,
    0.0,
    0.0,
    0.0,
    0.0,
    0.0,
    0.0,
    0.0,
    0.0,
    0.0,
    0.0,
    0.0,
    0.0,
    0.0,
    0.0,
    0.0,
    0.0,
    0.0,
    0.0,
    0.0,
    0.0,
    0.0,
    0.0,
    0.0,
    0.0,
    0.0,
    0.0,
    0.0
  ]
}