{
  "meta": {
    "slug": "762x39mm_FMJ_123gr_Soviet",
    "grid_yards": 25,
    "count": 41
  },
  "velocity": [
    716.3,
    692.551086018412,
    669.3695627157653,
    646.7782580552358,
    624.8,
    603.3839765007486,
    582.4963961001937,
    562.1856176495418,
    542.5,
    523.3072385859614,
    504.5845538611478,
    486.54459220576035,
    469.4,
    453.0553812487381,
    437.357042017515,
    422.4301817775344,
    408.4,
    395.16884471855053,
    382.59869530537827,
    370.7541982395168,
    359.7,
    349.50074706586145,
    340.22108591613494,
    331.9256630298542,
    324.679124886053,
    318.54611796376497,
    313.5912887420239,
    309.87928369986344,
    307.4747493163175,
    306.44233207041975,
    306.8466784412038,
    308.75243490770345,
    312.22424794895255,
    317.32676404398455,
    324.1246296718335,
    332.6824913115329,
    343.0649954421166,
    355.3367885426181,
    369.5625170920715,
    385.80682756951035,
    404.1343664539683
  ],
  "drop": [
    -0.0381,
    -0.018577168062200958,
    -0.0030534688995215347,
    0.0044719647129186565,
    0.0,
    -0.019842800538277514,
    -0.055927093301435415,
    -0.10849783941387557,
    -0.1778,
    -0.2642000672846891,
    -0.3685506578947369,
    -0.49182591955741617,
    -0.635,
    -0.7997819303229666,
    -0.990820275119617,
    -1.2134984823564592,
    -1.4732,
    -1.7726440864234452,
    -2.1038932416267944,
    -2.4563457760167466,
    -2.8194,
    -3.1824542239832536,
    -3.5349067583732054,
    -3.8661559135765553,
    -4.1656,
    -4.422637328050239,
    -4.626666208133973,
    -4.767084950657897,
    -4.833291866028711,
    -4.814685264653113,
    -4.700663456937804,
    -4.48062475328948,
    -4.14396746411484,
    -3.680089899820583,
    -3.0783903708134073,
    -2.3282671875000087,
    -1.41911866028709,
    -0.3403430995813572,
    0.9186611842105066,
    2.3684958806817917,
    4.0197626794258134
  ],
  "tof": [
    0.0,
    0.032457184236142966,
    0.06603304313826988,
    0.10077684205460757,
    0.13673868451823679,
    0.17397069998346298,
    0.21253131796950808,
    0.2524802303925979,
    0.29387600952361215,
    0.3367801520932938,
    0.38126862251878535,
    0.42740904831820425,
    0.4752495746320885,
    0.5248233657719518,
    0.5761824950464012,
    0.6293723883747077,
    0.6844175119258138,
    0.7413262596927785,
    0.800123746764377,
    0.8608276194985289,
    0.9234353447602883,
    0.9879201743654646,
    1.0542270231297584,
    1.122268490042889,
    1.1919213623988356,
    1.2630239294646446,
    1.3353745527881278,
    1.4087318752667521,
    1.4828170398428027,
    1.5573180192116538,
    1.6318967695012225,
    1.706196974730161,
    1.7798552966237984,
    1.8525120644264155,
    1.9238226061072006,
    1.993467701817895,
    2.061162443416767,
    2.1266629731433966,
    2.1897707242961535,
    2.250334149094636,
    2.3082481194825633
  ],
  "d_drop_dbc": [
    0.0,
    0.0,
    0.0,
    0.0,
    0.0,
    0.0,
    0.0,
    0.0,
    0.0,
    0.0,
    0.0,
    0.0,
    0.0,
    0.0,
    0.0,
    0.0,
    0.0,
    0.0,
    0.0,
    0.0,
    0.0,
    0.0,
    0.0,
    0.0,
    0.0,
    0.0,
    0.0,
    0.0,
    0.0,
    0.0,
    0.0,
    0.0,
    0.0,
    0.0,
    0.0,
    0.0,
    0.0,
    0.0,
    0.0,
    0.0,
    0.0
  ],
  "wind_drift": [
    0.0,
    0.0,
    0.0,
    0.0,
    0.0,
    0.0,
    0.0,
    0.0,
    0.0,
    0.0,
    0.0,
    0.0,
    0.0,
    0.0,
    0.0,
    0.0,
    0.0,
    0.0,
    0.0,
    0.0,
    0.0,
    0.0,
    0.0,
    0.0,
    0.0,
    0.0,
    0.0,
    0.0,
    0.0,
    0.0,
    0.0,
    0.0,
    0.0,
    0.0,
    0.0,
    0.0,
    0.0,
    0.0,
    0.0,
    0.0,
    0.0
  ]
}