{
  "meta": {
    "slug": "Federal_American_Eagle_9mm_FMJ_124gr",
    "grid_yards": 25,
    "count": 41
  },
  "velocity": [
    350.5,
    333.8,
    319.7,
    307.8,
    297.8,
    289.8648401826484,
    284.4890410958903,
    282.16712328767096,
    283.3936073059356,
    288.66301369862924,
    298.46986301369725,
    313.3086757990847,
    333.6739726027369,
    360.0602739725989,
    392.96210045661593,
    432.87397260273315,
    480.2904109588959,
    535.7059360730491,
    599.6150684931382,
    672.5123287671082,
    754.8922374429044,
    847.249315068472,
    950.0780821917558,
    1063.8730593607015,
    1189.1287671232544,
    1326.3397260273591,
    1476.0004566209604,
    1638.6054794520053,
    1814.6493150684366,
    2004.6264840182012,
    2209.0315068492446,
    2428.358904109511,
    2663.103196346945,
    2913.7589041094934,
    3180.8205479451,
    3464.7826484017114,
    3766.1397260272715,
    4085.3863013697237,
    4423.016894977018,
    4779.526027397096,
    5155.408219177903
  ],
  "drop": [
    -0.0229,
    0.0,
    -0.0229,
    -0.0965,
    -0.2235,
    -0.3504999999999999,
    -0.4084999999999996,
    -0.3284999999999989,
    -0.04149999999999765,
    0.5215000000000054,
    1.429500000000007,
    2.751500000000011,
    4.5565000000000175,
    6.913500000000027,
    9.891500000000029,
    13.55950000000004,
    17.986500000000056,
    23.241500000000073,
    29.39350000000009,
    36.5115000000001,
    44.66450000000012,
    53.92150000000015,
    64.35150000000016,
    76.0235000000002,
    89.00650000000024,
    103.36950000000027,
    119.18150000000027,
    136.51150000000035,
    155.42850000000033,
    176.00150000000036,
    198.29950000000042,
    222.39150000000052,
    248.3465000000006,
    276.2335000000007,
    306.1215000000007,
    338.07950000000085,
    372.17650000000094,
    408.4815000000008,
    447.063500000001,
    487.99150000000105,
    531.3345000000011
  ],
  "tof": [
    0.0,
    0.06687023349407528,
    0.13688540636093208,
    0.2097942038097217,
    0.28533424644425914,
    0.36318949527758804,
    0.44285921555938146,
    0.5236219495031245,
    0.6045527450757762,
    0.6845772098363648,
    0.7625603322158151,
    0.8374156086888283,
    0.908210799614197,
    0.9742463002088948,
    1.035091435734787,
    1.0905780008574806,
    1.1407617842510145,
    1.1858677195067897,
    1.226232726564604,
    1.2622555658516308,
    1.2943578663542692,
    1.322956789949766,
    1.3484477290089774,
    1.3711947040231385,
    1.3915262003667563,
    1.4097345323877621,
    1.4260773570264151,
    1.4407803263590415,
    1.4540402612600443,
    1.4660284301571107,
    1.4768936924621556,
    1.4867654318077108,
    1.4957561536376913,
    1.5039638058855227,
    1.511473782586147,
    1.5183606743106435,
    1.5246897587350567,
    1.5305182878630057,
    1.5358965855703381,
    1.5408689876250552,
    1.545474645778725
  ],
  "d_drop_dbc": [
    0.0,
    0.0,
    0.0,
    0.0,
    0.0,
    0.0,
    0.0,
    0.0,
    0.0,
    0.0,
    0.0,
    0.0,
    0.0,
    0.0,
    0.0,
    0.0,
    0.0,
    0.0,
    0.0,
    0.0,
    0.0,
    0.0,
    0.0,
    0.0,
    0.0,
    0.0,
    0.0,
    0.0,
    0.0,
    0.0,
    0.0,
    0.0,
    0.0,
    0.0,
    0.0,
    0.0,
    0.0,
    0.0,
    0.0,
    0.0,
    0.0
  ],
  "wind_drift": [
    0.0,
    0.0,
    0.0,
    0.0,
    0.0,
    0.0,
    0.0,
    0.0,
    0.0,
    0.0,
    0.0,
    0.0,
    0.0,
    0.0,
    0.0,
    0.0,
    0.0,
    0.0,
    0.0,
    0.0,
    0.0,
    0.0,
    0.0,
    0.0,
    0.0,
    0.0,
    0.0,
    0.0,
    0.0,
    0.0,
    0.0,
    0.0,
    0.0,
    0.0,
    0.0,
    0.0,
    0.0,
    0.0,
    0.0,
    0.0,
    0.0
  ]
}