{
  "meta": {
    "slug": "Hornady_223_Rem_75gr_BTHP_Match",
    "grid_yards": 25,
    "count": 41
  },
  "velocity": [
    850.4,
    832.7921944137169,
    815.3708517699115,
    798.1390832411505,
    781.1,
    764.2295212972514,
    747.5287603324936,
    731.0386192014887,
    714.8,
    698.8178738335229,
    683.0635544275376,
    667.5274578077835,
    652.2,
    637.0820383662499,
    622.1701020365514,
    607.4481146885773,
    592.9,
    578.5172603626943,
    564.304231433506,
    550.2640867875648,
    536.4,
    522.7151446459412,
    509.2126943005182,
    495.89582253886016,
    482.7677029360967,
    469.83150906735756,
    457.09041450777215,
    444.5475928324699,
    432.2062176165806,
    420.0694624352335,
    408.14050086355826,
    396.42250647668436,
    384.9186528497415,
    373.632113557859,
    362.5660621761665,
    351.72367227979356,
    341.1081174438697,
    330.72257124352444,
    320.5702072538873,
    310.6541990500878,
    300.9777202072555
  ],
  "drop": [
    -0.0381,
    -0.010120402212918662,
    0.015307356459330143,
    0.03563143690191387,
    0.0483,
    0.05120835825358853,
    0.04404043062200958,
    0.026927287679425867,
    0.0,
    -0.03668959330143543,
    -0.08340657894736843,
    -0.14049527511961718,
    -0.2083,
    -0.28745467254784696,
    -0.37975161483253583,
    -0.4872727497009568,
    -0.6121,
    -0.7551604665071772,
    -0.9127619617224881,
    -1.080057476076555,
    -1.2522,
    -1.4243425239234448,
    -1.591638038277512,
    -1.749239533492823,
    -1.8923,
    -2.015972428229665,
    -2.11540980861244,
    -2.185765131578948,
    -2.222191387559809,
    -2.2198415669856466,
    -2.1738686602870834,
    -2.0794256578947388,
    -1.9316655502392361,
    -1.7257413277511984,
    -1.4568059808612466,
    -1.1200125000000023,
    -0.710513875598088,
    -0.22346309808613007,
    0.34598684210525654,
    1.0026829545454472,
    1.75147224880382
  ],
  "tof": [
    0.0,
    0.027164161751430386,
    0.054905696375657106,
    0.08324307444854458,
    0.11219544274811252,
    0.1417830179771223,
    0.1720278119976033,
    0.20295172364619896,
    0.2345758312810371,
    0.26692064150723765,
    0.3000082935489219,
    0.3338625416983108,
    0.3685084910280118,
    0.4039726950064643,
    0.4402826070439008,
    0.47746757412430174,
    0.515559266657766,
    0.5545918072306729,
    0.5946011170369455,
    0.6356247231753265,
    0.6777018731310708,
    0.7208736145465251,
    0.7651829004383232,
    0.8106745832651715,
    0.857395674207257,
    0.9053952482925246,
    0.9547246427285554,
    1.0054374994741935,
    1.0575898653889697,
    1.111240267732131,
    1.1664498057098873,
    1.2232822059128627,
    1.2818038998046837,
    1.3420840761780655,
    1.4041947202925034,
    1.4682106408688975,
    1.5342094761682255,
    1.6022716695610504,
    1.6724804177200703,
    1.7449215871487975,
    1.8196835794637698
  ],
  "d_drop_dbc": [
    0.0,
    0.0,
    0.0,
    0.0,
    0.0,
    0.0,
    0.0,
    0.0,
    0.0,
    0.0,
    0.0,
    0.0,
    0.0,
    0.0,
    0.0,
    0.0,
    0.0,
    0.0,
    0.0,
    0.0,
    0.0,
    0.0,
    0.0,
    0.0,
    0.0,
    0.0,
    0.0,
    0.0,
    0.0,
    0.0,
    0.0,
    0.0,
    0.0,
    0.0,
    0.0,
    0.0,
    0.0,
    0.0,
    0.0,
    0.0,
    0.0
  ],
  "wind_drift": [
    0.0,
    0.0,
    0.0,
    0.0,
    0.0,
    0.0,
    0.0,
    0.0,
    0.0,
    0.0,
    0.0,
    0.0,
    0.0,
    0.0,
    0.0,
    0.0,
    0.0,
    0.0,
    0.0,
    0.0,
    0.0,
    0.0,
    0.0,
    0.0,
    0.0,
    0.0,
    0.0,
    0.0,
    0.0,
    0.0,
    0.0,
    0.0,
    0.0,
    0.0,
    0.0,
    0.0,
    0.0,
    0.0,
    0.0,
    0.0,
    0.0
  ]
}