{
  "meta": {
    "slug": "Hornady_65_Creedmoor_140gr_ELD-M",
    "grid_yards": 25,
    "count": 41
  },
  "velocity": [
    826.0,
    814.7621156036447,
    803.5989749430524,
    792.5113468109339,
    781.5,
    770.5535723067131,
    759.6741427040065,
    748.8826417492966,
    738.2,
    727.6384918117004,
    717.1822134586521,
    706.8098283762777,
    696.5,
    686.2427255192168,
    676.049596929333,
    665.9316698747826,
    655.9,
    645.9546122105756,
    636.0888219649562,
    626.3036207368586,
    616.6,
    606.9789512280977,
    597.4414658948687,
    587.9885354740302,
    578.6211514392993,
    569.3403052643931,
    560.146988423029,
    551.0421923889239,
    542.0269086357952,
    533.1021286373597,
    524.2688438673347,
    515.5280457994373,
    506.88072590738494,
    498.3278756648944,
    489.8704865456831,
    481.5095500234679,
    473.24605757196616,
    465.081000664895,
    457.0153707759715,
    449.05015937891284,
    441.18635794743614
  ],
  "drop": [
    -0.0381,
    -0.010013868122009573,
    0.015477811004784691,
    0.03578058462918661,
    0.0483,
    0.05093136961722488,
    0.04352906698564594,
    0.026437230861244037,
    0.0,
    -0.035528797846889976,
    -0.08025657894736843,
    -0.13438107057416263,
    -0.1981,
    -0.2718224282296651,
    -0.35680275119617216,
    -0.4545066985645932,
    -0.5664,
    -0.6930518017344499,
    -0.8314449162679428,
    -0.977665572667464,
    -1.1277999999999997,
    -1.277934427332536,
    -1.4241550837320571,
    -1.5625481982655502,
    -1.6892000000000003,
    -1.8001967180023923,
    -1.8916245813397137,
    -1.9595698190789481,
    -2.0001186602870824,
    -2.0093573340311015,
    -1.9833720693779922,
    -1.9182490953947386,
    -1.810074641148328,
    -1.6549349357057448,
    -1.4489162081339755,
    -1.1881046875000045,
    -0.8685866028708187,
    -0.48644818331340467,
    -0.037775657894745684,
    0.48134474431817154,
    1.0748267942583638
  ],
  "tof": [
    0.0,
    0.027865745964689388,
    0.05611721540261947,
    0.08476253971102227,
    0.11381005396653691,
    0.14326846756879763,
    0.17314712968318605,
    0.20345508731144565,
    0.23420078858201443,
    0.26539207875846427,
    0.2970370414564266,
    0.3291448102373208,
    0.3617257108795024,
    0.3947912696960852,
    0.42835326041043514,
    0.4624232781579441,
    0.49701270994801017,
    0.5321328785989731,
    0.5677957720955886,
    0.6040138319380206,
    0.6407998155315404,
    0.678166802651015,
    0.7161282099539442,
    0.7546977663832083,
    0.7938895768128178,
    0.8337180673495668,
    0.8741980313207237,
    0.915344610760443,
    0.957173314749517,
    0.9997000113663619,
    1.0429409711345294,
    1.0869127883689798,
    1.131632465031689,
    1.1771173758770859,
    1.2233852695762124,
    1.270454269952913,
    1.3183428869628537,
    1.3670699885494029,
    1.4166548164775004,
    1.4671169808523075,
    1.5184764353116562
  ],
  "d_drop_dbc": [
    0.0,
    0.0,
    0.0,
    0.0,
    0.0,
    0.0,
    0.0,
    0.0,
    0.0,
    0.0,
    0.0,
    0.0,
    0.0,
    0.0,
    0.0,
    0.0,
    0.0,
    0.0,
    0.0,
    0.0,
    0.0,
    0.0,
    0.0,
    0.0,
    0.0,
    0.0,
    0.0,
    0.0,
    0.0,
    0.0,
    0.0,
    0.0,
    0.0,
    0.0,
    0.0,
    0.0,
    0.0,
    0.0,
    0.0,
    0.0,
    0.0
  ],
  "wind_drift": [
    0.0,
    0.0,
    0.0,
    0.0,
    0.0,
    0.0,
    0.0,
    0.0,
    0.0,
    0.0,
    0.0,
    0.0,
    0.0,
    0.0,
    0.0,
    0.0,
    0.0,
    0.0,
    0.0,
    0.0,
    0.0,
    0.0,
    0.0,
    0.0,
    0.0,
    0.0,
    0.0,
    0.0,
    0.0,
    0.0,
    0.0,
    0.0,
    0.0,
    0.0,
    0.0,
    0.0,
    0.0,
    0.0,
    0.0,
    0.0,
    0.0
  ]
}