{
  "meta": {
    "slug": "Remington_22lr_Subsonic_40gr_CPHP",
    "grid_yards": 25,
    "count": 41
  },
  "velocity": [
    320.0,
    299.791611067504,
    282.6,
    268.50877212488507,
    256.3,
    245.17461680761102,
    235.29999999999998,
    226.898850422833,
    220.1938689217759,
    215.40775634249474,
    212.76321353065543,
    212.4829413319239,
    214.78964059196625,
    219.90601215644833,
    228.05475687103606,
    239.4585755813955,
    254.34016913319255,
    272.92223837209326,
    295.4274841437635,
    322.0786072938692,
    353.0983086680764,
    388.7092891120511,
    429.13424947145904,
    474.5958905919665,
    525.3169133192393,
    581.5200184989435,
    643.4279069767447,
    711.263279598309,
    785.2488372093026,
    865.6072806553918,
    952.5613107822413,
    1046.3336284355187,
    1147.1469344608886,
    1255.223929704018,
    1370.7873150105715,
    1494.059791226217,
    1625.2640591966183,
    1764.6228197674423,
    1912.3587737843563,
    2068.694622093024,
    2233.8530655391137
  ],
  "drop": [
    -0.0381,
    0.053515000000000014,
    0.1092,
    0.09689250000000002,
    0.0,
    -0.18397250000000004,
    -0.4166,
    -0.6492274999999998,
    -0.8332000000000002,
    -0.9198625000000002,
    -0.8605600000000004,
    -0.606637500000001,
    -0.10944000000000109,
    0.6796874999999982,
    1.8093999999999948,
    3.328352499999994,
    5.285199999999993,
    7.728597499999994,
    10.707199999999993,
    14.269662499999983,
    18.46463999999998,
    23.340787499999976,
    28.946759999999962,
    35.331212499999964,
    42.54279999999996,
    50.63017749999995,
    59.641999999999946,
    69.62692249999992,
    80.63359999999984,
    92.71068749999992,
    105.90683999999985,
    120.27071249999992,
    135.85095999999984,
    152.6962374999999,
    170.85519999999983,
    190.3765024999999,
    211.30879999999982,
    233.7007474999997,
    257.6009999999998,
    283.0582124999996,
    310.12103999999977
  ],
  "tof": [
    0.0,
    0.07384564458706552,
    0.15244841915806434,
    0.23548918381018577,
    0.3226574340401396,
    0.41387807302880986,
    0.5090923921356594,
    0.6080783404816559,
    0.7104156525809298,
    0.8154597806525798,
    0.9223346606488383,
    1.0299533152960298,
    1.137071414115613,
    1.242371260554426,
    1.3445645863658138,
    1.442495555430121,
    1.5352243008413715,
    1.6220769656251337,
    1.7026578605294118,
    1.7768289149427077,
    1.844667272007335,
    1.9064131980250754,
    1.9624181586109564,
    2.0130993720561117,
    2.0589036709070285,
    2.1002810003706025,
    2.1376664690368967,
    2.171469240440921,
    2.202066557041296,
    2.229801354357396,
    2.2549822241936597,
    2.277884904133996,
    2.298754532774512,
    2.3178083412771135,
    2.335238440644735,
    2.3512145376427824,
    2.3658865228693085,
    2.3793867932028507,
    2.391832392698886,
    2.403326895366515,
    2.41396206104116
  ],
  "d_drop_dbc": [
    0.0,
    0.0,
    0.0,
    0.0,
    0.0,
    0.0,
    0.0,
    0.0,
    0.0,
    0.0,
    0.0,
    0.0,
    0.0,
    0.0,
    0.0,
    0.0,
    0.0,
    0.0,
    0.0,
    0.0,
    0.0,
    0.0,
    0.0,
    0.0,
    0.0,
    0.0,
    0.0,
    0.0,
    0.0,
    0.0,
    0.0,
    0.0,
    0.0,
    0.0,
    0.0,
    0.0,
    0.0,
    0.0,
    0.0,
    0.0,
    0.0
  ],
  "wind_drift": [
    0.0,
    0.0,
    0.0,
    0.0,
    0.0,
    0.0,
    0.0,
    0.0,
    0.0,
    0.0,
    0.0,
    0.0,
    0.0,
    0.0,
    0.0,
    0.0,
    0.0,
    0.0,
    0.0,
    0.0,
    0.0,
    0.0,
    0.0,
    0.0,
    0.0,
    0.0,
    0.0,
    0.0,
    0.0,
    0.0,
    0.0,
    0.0,
    0.0,
    0.0,
    0.0,
    0.0,
    0.0,
    0.0,
    0.0,
    0.0,
    0.0
  ]
}