{
  "meta": {
    "slug": "Winchester_White_Box_9mm_115gr_FMJ",
    "grid_yards": 25,
    "count": 41
  },
  "velocity": [
    362.8,
    362.8,
    362.8,
    362.8,
    362.8,
    362.8,
    362.8,
    362.8,
    362.8,
    362.8,
    362.8,
    362.8,
    362.8,
    362.8,
    362.8,
    362.8,
    362.8,
    362.8,
    362.8,
    362.8,
    362.8,
    362.8,
    362.8,
    362.8,
    362.8,
    362.8,
    362.8,
    362.8,
    362.8,
    362.8,
    362.8,
    362.8,
    362.8,
    362.8,
    362.8,
    362.8,
    362.8,
    362.8,
    362.8,
    362.8,
    362.8
  ],
  "drop": [
    -0.0381,
    0.0,
    -0.0229,
    -0.094,
    -0.21840000000000004,
    -0.3428,
    -0.3956607142857137,
    -0.3054428571428557,
    -0.0006071428571390314,
    0.5903857142857221,
    1.539075000000011,
    2.9170000000000185,
    4.7957000000000285,
    7.246714285714327,
    10.34158214285719,
    14.151842857142924,
    18.749035714285807,
    24.204700000000116,
    30.590375000000144,
    37.977600000000166,
    46.437914285714484,
    56.04285714285739,
    66.86396785714312,
    78.97278571428603,
    92.4408500000004,
    107.33970000000045,
    123.74087500000047,
    141.71591428571486,
    161.33635714285774,
    182.6737428571435,
    205.79961071428647,
    230.78550000000087,
    257.702950000001,
    286.6235000000011,
    317.6186892857155,
    350.76005714285856,
    386.1191428571444,
    423.7674857142872,
    463.77662500000173,
    506.2181000000019,
    551.1634500000021
  ],
  "tof": [
    0.0,
    0.0,
    0.0,
    0.0,
    0.0,
    0.0,
    0.0,
    0.0,
    0.0,
    0.0,
    0.0,
    0.0,
    0.0,
    0.0,
    0.0,
    0.0,
    0.0,
    0.0,
    0.0,
    0.0,
    0.0,
    0.0,
    0.0,
    0.0,
    0.0,
    0.0,
    0.0,
    0.0,
    0.0,
    0.0,
    0.0,
    0.0,
    0.0,
    0.0,
    0.0,
    0.0,
    0.0,
    0.0,
    0.0,
    0.0,
    0.0
  ],
  "d_drop_dbc": [
    0.0,
    0.0,
    0.0,
    0.0,
    0.0,
    0.0,
    0.0,
    0.0,
    0.0,
    0.0,
    0.0,
    0.0,
    0.0,
    0.0,
    0.0,
    0.0,
    0.0,
    0.0,
    0.0,
    0.0,
    0.0,
    0.0,
    0.0,
    0.0,
    0.0,
    0.0,
    0.0,
    0.0,
    0.0,
    0.0,
    0.0,
    0.0,
    0.0,
    0.0,
    0.0,
    0.0,
    0.0,
    0.0,
    0.0,
    0.0,
    0.0
  ],
  "wind_drift": [
    0.0,
    0.0,
    0.0,
    0.0,
    0.0,
    0.0,
    0.0,
    0.0,
    0.0,
    0.0,
    0.0,
    0.0,
    0.0,
    0.0,
    0.0,
    0.0,
    0.0,
    0.0,
    0.0,
    0.0,
    0.0,
    0.0,
    0.0,
    0.0,
    0.0,
    0.0,
    0.0,
    0.0,
    0.0,
    0.0,
    0.0,
    0.0,
    0.0,
    0.0,
    0.0,
    0.0,
    0.0,
    0.0,
    0.0,
    0.0,
    0.0
  ]
}